{"Hour":25.5081392015,"HR":84.5795880346,"O2Sat":97.1934653629,"Temp":36.9769198109,"SBP":123.7581323873,"MAP":82.4049994941,"DBP":63.832983789,"Resp":18.7298186801,"EtCO2":32.9575542381,"BaseExcess":-0.68369675,"HCO3":24.0729430198,"FiO2":0.5629693683,"pH":7.3790631171,"PaCO2":41.0133802002,"SaO2":92.672105337,"AST":260.7752184273,"BUN":23.8950421348,"Alkalinephos":102.713992182,"Calcium":7.5558498137,"Chloride":105.8130015344,"Creatinine":1.5088530386,"Bilirubin_direct":1.8813455913,"Glucose":136.9806151624,"Lactate":2.6477366268,"Magnesium":2.0508518537,"Phosphate":3.5439293355,"Potassium":4.1357790336,"Bilirubin_total":2.1227211362,"TroponinI":8.3434974027,"Hct":30.8008946172,"Hgb":10.433893787,"PTT":41.0541703461,"WBC":11.4575027948,"Fibrinogen":287.8900219432,"Platelets":196.1164446402,"Age":62.002619958,"Gender":0.5592421451,"Unit1":0.4964198636,"Unit2":0.5035801364,"HospAdmTime":-56.0997243755,"ICULOS":27.010224132}